frame,fps,bus,car,person,truck
0,0.87,0,20,0,3
1,1.49,0,17,0,4
2,2.31,0,17,0,3
3,2.78,0,17,0,3
4,2.58,0,18,0,2
5,1.16,0,19,0,2
6,1.9,0,19,0,4
7,2.07,0,20,0,2
8,1.76,0,21,0,2
9,1.5,0,18,0,2
10,1.05,0,18,0,1
11,1.11,0,17,0,2
12,1.89,0,17,0,2
13,3.19,0,19,0,2
14,3.47,0,18,0,3
15,3.62,0,18,0,3
16,3.53,0,17,0,1
17,3.55,0,18,0,1
18,3.64,0,16,0,1
19,3.65,0,17,0,1
20,3.51,0,17,0,2
21,3.82,0,17,0,2
22,3.91,0,18,0,2
23,3.93,0,17,0,1
24,5.06,0,18,0,1
25,4.34,0,20,0,0
26,4.93,0,19,0,0
27,4.86,0,16,0,0
28,5.84,0,15,0,1
29,6.37,0,17,0,0
30,4.93,0,15,0,0
31,4.25,0,16,0,0
32,4.18,0,17,0,0
33,4.07,0,18,0,0
34,4.07,0,18,0,0
35,4.08,0,18,0,1
36,4.07,0,18,0,1
37,4.19,0,19,0,0
38,4.24,0,20,0,1
39,4.32,0,17,0,0
40,3.97,0,18,0,0
41,4.31,0,17,0,0
42,4.25,0,18,0,0
43,4.23,0,18,0,0
44,4.62,0,17,1,0
45,4.8,0,19,0,0
46,1.77,0,19,0,0
47,2.25,0,18,0,0
48,2.97,0,18,0,0
49,2.46,0,19,0,0
50,2.34,0,18,0,0
51,2.87,0,19,0,0
52,3.96,0,17,0,0
53,4.02,0,17,0,0
54,4.28,0,18,0,0
55,4.13,0,17,0,0
56,4.21,0,18,0,0
57,4.37,0,20,0,0
58,4.3,0,20,0,0
59,3.76,0,19,0,0
60,3.47,0,18,0,0
61,3.39,0,18,0,0
62,3.42,0,18,0,0
63,4.32,0,17,0,0
64,4.19,0,18,0,0
65,4.52,0,18,0,0
66,3.98,0,19,0,0
67,4.19,0,21,0,0
68,4.34,0,21,0,1
69,3.37,0,19,0,1
70,4.2,0,19,0,0
71,4.21,0,20,0,2
72,4.18,0,18,0,1
73,3.38,0,17,0,1
74,2.95,0,18,0,1
75,2.57,0,20,0,1
76,2.78,0,20,0,1
77,3.32,0,20,0,1
78,4.08,0,20,0,1
79,4.35,0,21,0,0
80,4.02,0,19,0,0
81,4.28,0,19,0,0
82,4.11,0,19,0,0
83,4.56,0,20,0,0
84,4.05,0,16,0,0
85,4.05,0,17,0,0
86,3.86,0,18,0,0
87,4.3,0,19,0,0
88,3.3,0,20,0,0
89,3.65,0,19,0,0
90,2.71,0,19,0,0
91,2.37,0,19,0,1
92,2.82,0,21,0,1
93,3.17,0,18,0,1
94,3.21,0,17,0,1
95,3.39,0,17,0,1
96,2.65,0,16,0,1
97,2.38,0,19,0,1
98,3.1,0,19,0,1
99,3.26,0,18,0,1
100,3.16,0,16,0,0
101,3.32,0,18,0,1
102,3.07,0,18,0,0
103,3.02,0,18,0,1
104,3.02,0,17,0,1
105,3.03,0,14,0,1
106,2.42,0,15,0,1
107,3.44,0,16,0,1
108,3.43,0,16,0,1
109,2.24,0,17,0,1
110,3.35,0,21,0,1
111,3.73,0,20,0,1
112,3.35,0,19,0,1
113,2.38,0,20,0,1
114,2.71,0,20,0,1
115,2.11,0,20,0,0
116,2.82,0,20,0,0
117,3.34,0,20,0,0
118,3.0,0,20,0,0
119,3.22,0,20,0,0
120,2.77,0,20,0,0
121,2.82,0,23,0,0
122,2.61,0,23,0,0
123,2.32,0,24,0,1
124,2.51,0,21,0,2
125,2.92,0,20,0,1
126,2.92,0,21,0,1
127,2.89,0,23,0,2
128,3.1,0,22,0,3
129,3.16,0,22,0,3
130,3.15,0,22,0,2
131,3.54,0,19,0,2
132,3.52,0,22,0,3
133,2.03,0,23,0,3
134,3.17,0,23,0,3
135,2.91,0,23,0,2
136,3.3,0,24,0,2
137,3.67,0,24,0,1
138,3.56,0,24,0,1
139,2.97,0,25,0,1
140,3.52,0,24,0,1
141,3.53,0,23,0,1
142,3.44,0,22,0,1
143,3.63,0,25,0,1
144,3.57,0,23,0,1
145,3.81,0,23,0,1
146,3.78,0,22,0,1
147,3.63,0,22,0,1
148,3.46,0,22,0,1
149,3.38,0,23,0,1
150,3.43,0,22,0,1
151,3.5,0,23,0,1
152,3.53,0,22,0,2
153,3.28,0,23,0,3
154,3.94,0,23,0,2
155,4.01,0,25,0,1
156,3.74,0,25,0,1
157,3.87,0,24,0,2
158,3.92,0,25,0,2
159,3.61,0,23,0,2
160,3.78,0,23,0,1
161,3.69,0,22,0,1
162,3.71,0,23,0,1
163,3.68,0,22,0,1
164,3.78,0,22,0,1
165,3.34,0,21,0,1
166,3.32,0,21,0,1
167,3.56,0,22,0,1
168,3.35,0,22,0,1
169,3.13,0,22,0,1
170,3.6,0,23,0,2
171,3.61,0,24,0,1
172,2.93,0,23,0,2
173,3.19,0,23,0,1
174,3.66,0,25,0,1
175,3.34,0,23,0,1
176,3.58,0,19,0,1
177,3.55,0,20,0,1
178,3.41,0,22,0,1
179,3.74,0,20,0,0
180,3.21,0,21,0,0
181,2.96,0,23,0,1
182,3.01,0,22,0,1
183,3.27,0,23,0,1
184,3.35,0,20,0,0
185,3.47,0,20,0,1
186,3.47,0,21,0,1
187,3.47,0,23,0,1
188,2.72,0,21,0,1
189,2.03,0,23,0,1
190,3.19,0,22,0,0
191,2.18,0,21,0,1
192,2.64,0,21,0,0
193,2.67,0,23,0,1
194,1.96,0,24,0,1
195,3.3,0,23,0,1
196,2.37,0,23,0,1
197,3.3,0,21,0,1
198,3.53,0,23,0,0
199,3.45,0,22,0,1
200,3.13,0,24,0,2
201,3.31,0,23,0,2
202,3.42,0,22,0,2
203,3.49,0,24,0,2
204,3.41,0,26,0,1
205,2.05,0,23,0,1
206,2.84,0,26,0,1
207,3.35,0,24,0,1
208,2.75,0,22,0,1
209,2.3,0,21,0,1
210,1.7,0,22,0,1
211,1.75,0,23,0,1
212,1.68,0,22,0,1
213,1.73,0,22,0,1
214,2.92,0,20,0,1
215,3.67,0,20,0,0
216,3.84,0,21,0,0
217,3.27,0,22,0,0
218,3.14,0,21,0,0
219,2.86,0,24,0,0
220,2.47,0,25,0,0
221,3.99,0,21,0,1
222,2.3,0,22,0,1
223,2.94,0,21,0,1
224,4.03,0,21,0,1
225,3.52,0,21,0,1
226,2.39,0,23,0,1
227,3.32,0,21,0,1
228,4.15,0,20,0,1
229,3.94,0,20,0,2
230,3.8,0,22,0,1
231,2.81,0,22,0,1
232,2.58,0,23,0,1
233,2.86,0,23,0,1
234,3.44,0,22,0,2
235,3.77,0,23,0,2
236,2.91,0,25,0,2
237,2.14,0,24,0,2
238,2.96,0,24,0,2
239,3.69,0,22,0,2
240,2.19,0,23,0,1
241,3.54,0,23,0,1
242,3.18,0,21,0,1
243,2.69,0,24,0,0
244,2.29,0,22,0,0
245,2.39,0,22,0,0
246,2.33,0,21,0,0
247,4.02,0,20,0,0
248,3.84,0,20,0,0
249,3.93,0,20,0,0
250,3.96,0,20,0,0
251,3.96,0,19,0,0
252,3.97,0,22,0,0
253,2.36,0,22,0,1
254,1.95,0,23,0,1
255,2.33,0,23,0,0
256,2.49,0,20,0,0
257,3.59,0,23,0,0
258,3.63,0,22,0,0
259,3.58,0,23,0,1
260,3.6,0,22,0,1
261,3.4,0,21,0,1
262,2.35,0,20,0,0
263,3.63,0,21,0,1
264,3.45,0,22,0,1
265,3.31,0,22,0,1
266,2.47,0,22,0,1
267,3.38,0,21,0,1
268,3.06,0,21,0,1
269,2.74,0,21,0,1
270,2.56,0,21,0,1
271,2.62,0,22,0,1
272,3.37,0,22,0,1
273,2.93,0,23,0,1
274,3.03,0,21,0,1
275,2.47,0,22,0,1
276,2.92,0,21,0,1
277,3.5,0,19,0,1
278,3.88,0,19,0,1
279,4.12,0,18,0,1
280,4.33,0,17,0,1
281,3.5,0,18,0,1
282,4.11,0,18,0,1
283,3.88,0,20,0,1
284,3.92,0,21,0,0
285,4.15,0,22,0,1
286,4.08,0,22,0,1
287,3.68,0,22,0,0
288,3.7,0,22,0,1
289,2.78,0,20,0,0
290,2.34,1,20,0,1
291,2.51,0,22,0,1
292,2.23,0,20,0,1
293,2.95,0,21,0,0
294,2.42,0,21,0,0
295,2.43,0,22,0,1
296,1.72,0,20,0,0
297,2.16,0,20,0,0
298,2.18,0,21,0,0
299,2.64,0,24,0,0
300,2.93,0,24,0,0
301,3.61,0,24,0,0
302,4.31,0,23,0,0
303,4.18,0,22,0,0
304,3.64,0,20,0,0
305,3.88,0,20,0,0
306,3.25,0,20,0,0
307,2.71,0,21,0,0
308,3.94,0,22,0,0
309,3.69,0,22,0,0
310,3.93,0,22,0,0
311,3.86,0,18,0,0
312,4.21,0,18,0,0
313,4.1,0,17,0,0
314,2.59,0,17,0,0
315,2.51,0,17,0,0
316,0.93,0,18,0,0
317,0.97,0,17,0,0
318,2.23,0,17,0,0
319,2.57,0,18,0,0
320,2.32,0,17,0,0
321,2.72,0,17,0,0
322,2.74,0,18,0,0
323,2.26,0,20,0,0
324,2.74,0,18,0,0
325,2.35,0,17,0,0
326,2.59,0,17,0,0
327,2.31,0,16,0,0
328,1.8,0,17,0,0
329,2.72,0,18,0,0
330,2.73,0,18,0,0
331,2.68,0,18,0,0
332,2.88,0,19,0,0
333,2.82,0,19,0,0
334,2.33,0,19,0,0
335,2.21,0,19,0,0
336,2.87,0,19,0,0
337,2.39,0,19,0,0
338,2.62,0,20,0,0
339,3.09,0,20,0,0
340,3.04,0,19,0,0
341,2.5,0,18,0,0
342,3.01,0,20,0,0
343,3.11,0,19,0,0
344,2.59,0,20,0,0
345,3.17,0,20,0,0
346,3.23,0,19,0,0
347,3.09,0,19,0,0
348,3.17,0,19,0,0
349,2.91,0,19,0,0
350,2.37,0,18,0,0
351,3.08,0,19,0,0
352,2.96,0,18,0,0
353,2.68,0,20,0,0
354,2.9,0,19,0,0
355,2.82,0,20,0,0
356,2.18,0,20,0,0
357,2.19,0,19,0,0
358,1.8,0,19,0,0
359,2.51,0,20,0,0
360,1.95,0,21,0,0
361,2.68,0,20,0,0
362,2.51,0,19,0,0
363,2.69,0,19,0,0
364,2.62,0,19,0,0
365,1.99,0,19,0,0
366,2.38,0,19,0,0
367,2.63,0,19,0,0
368,2.83,0,20,0,0
369,3.04,0,19,0,0
370,2.29,0,20,0,0
371,1.94,0,19,0,0
372,1.88,0,19,0,0
373,2.95,0,20,0,0
374,3.08,0,20,0,0
375,3.27,0,19,0,0
376,3.18,0,19,0,1
377,2.08,0,19,0,0
378,3.24,0,18,0,0
379,3.34,0,18,0,0
380,3.9,0,18,0,0
381,2.19,0,18,0,0
382,2.86,0,19,0,0
383,3.15,0,19,0,0
384,3.05,0,19,0,0
385,2.37,0,19,0,0
386,1.86,0,19,0,0
387,3.06,0,17,0,0
388,2.5,0,19,0,0
389,3.15,0,18,0,0
390,2.23,0,18,0,0
391,2.94,0,18,0,0
392,2.63,0,20,0,0
393,3.01,0,19,0,0
394,2.69,0,19,0,0
395,3.0,0,20,0,0
396,2.99,0,18,0,0
397,2.43,0,20,0,0
398,2.71,0,18,0,0
399,3.19,0,18,0,0
400,2.73,0,18,0,0
401,3.35,0,21,0,0
402,2.81,0,20,0,0
403,3.15,0,19,0,0
404,2.99,0,19,0,0
405,3.29,0,20,0,0
406,3.44,0,20,0,0
407,3.06,0,18,0,0
408,3.38,0,20,0,0
409,3.03,0,22,0,0
410,3.23,0,20,0,0
411,3.0,0,20,0,0
412,3.27,0,22,0,1
413,1.86,0,22,0,0
414,2.96,0,23,0,0
415,3.45,0,21,0,0
416,3.4,0,23,0,1
417,3.48,0,21,0,0
418,3.08,0,20,0,0
419,3.44,0,21,0,0
420,3.98,0,20,0,0
421,3.41,0,22,0,0
422,3.26,0,21,0,0
423,3.29,0,23,0,0
424,3.48,0,22,0,0
425,3.26,0,23,0,0
426,2.75,0,25,0,0
427,2.18,0,24,0,0
428,2.92,0,24,0,0
429,2.81,0,25,0,0
430,3.14,0,25,0,0
431,4.02,0,24,0,0
432,3.06,0,21,0,1
433,3.81,0,23,0,0
434,3.7,0,22,0,0
435,3.97,0,23,0,0
436,3.75,0,22,0,0
437,3.74,0,24,0,0
438,4.02,0,21,0,0
439,1.41,0,23,0,0
440,1.99,0,22,0,0
441,3.64,0,24,0,1
442,3.1,0,23,0,0
443,3.22,0,25,0,0
444,4.1,0,25,0,0
445,4.53,0,22,0,0
446,1.43,0,23,0,0
447,2.1,0,26,0,0
448,3.54,0,26,0,0
449,3.32,0,27,0,0
450,3.3,0,25,0,0
451,3.51,0,26,0,0
452,1.73,0,28,0,0
453,2.76,0,25,0,0
454,2.61,0,26,0,0
455,2.55,0,26,0,0
456,2.75,0,24,0,0
457,2.84,0,26,0,0
458,2.58,0,25,0,0
459,2.98,0,26,0,0
460,2.9,0,27,0,1
461,3.0,0,26,0,0
462,3.15,0,27,0,0
463,2.92,0,28,0,0
464,3.0,0,27,0,0
465,2.87,0,28,0,0
466,2.96,0,26,0,0
467,2.98,0,27,0,0
468,2.96,0,27,0,0
469,2.66,0,27,0,0
470,2.54,0,27,0,0
471,2.41,0,25,0,1
472,2.74,0,25,0,0
473,2.06,0,26,0,1
474,3.59,0,25,0,0
475,3.47,0,26,0,0
476,2.77,0,25,0,0
477,3.35,0,26,0,0
478,3.04,0,26,0,0
479,3.45,0,27,0,0
480,3.32,0,26,0,0
481,3.45,0,26,0,0
482,3.41,0,26,0,0
483,3.45,0,28,0,0
484,3.46,0,27,0,0
485,3.16,0,27,0,0
486,3.48,0,26,0,0
487,3.68,0,27,0,0
488,3.22,0,27,0,0
489,2.47,0,26,0,0
490,3.13,0,27,0,0
491,2.84,0,28,0,0
492,2.97,0,28,0,0
493,3.5,0,29,0,0
494,2.79,0,28,0,0
495,3.44,0,27,0,0
496,3.26,0,29,0,0
497,3.41,0,28,0,0
498,3.24,0,28,0,0
499,3.46,0,28,0,0
500,4.01,0,28,0,0
501,3.16,0,29,0,0
502,3.16,0,30,0,0
503,1.42,0,28,0,0
504,2.8,0,27,0,0
505,3.76,0,27,0,0
506,4.23,0,28,0,0
507,3.82,0,29,0,0
508,4.0,0,27,0,0
509,4.19,0,28,0,0
510,3.69,0,26,0,0
511,2.68,0,23,0,0
512,2.56,0,25,0,0
513,3.01,0,25,0,0
514,3.59,0,23,0,0
515,3.68,0,25,0,0
516,3.41,0,23,0,0
517,3.0,0,29,0,0
518,1.78,0,27,0,0
519,1.98,0,26,0,0
520,1.63,0,27,0,0
521,1.91,0,28,0,0
522,2.25,0,27,0,0
523,1.88,0,27,0,0
524,2.31,0,28,0,0
525,2.57,0,25,0,0
526,2.24,0,26,0,0
527,2.68,0,27,0,0
528,2.56,0,27,0,0
529,2.01,0,25,0,0
530,2.8,0,24,0,0
531,2.77,0,27,0,0
532,2.86,0,27,0,0
533,2.82,0,26,0,0
534,2.99,0,27,0,0
535,2.98,0,28,0,0
536,2.89,0,28,0,0
537,2.87,0,29,0,0
538,3.01,0,25,0,0
539,2.92,0,25,0,0
540,2.99,0,25,0,0
541,3.27,0,23,0,0
542,2.83,0,24,0,0
543,2.85,0,24,0,0
544,2.69,0,27,0,0
545,2.22,0,28,0,0
546,1.99,0,24,0,0
547,2.91,0,23,0,0
548,2.84,0,26,0,0
549,2.25,0,23,0,0
550,2.43,0,24,0,0
551,2.83,0,23,0,0
552,3.03,0,23,0,0
553,2.79,0,23,0,0
554,2.88,0,24,0,0
555,2.58,0,25,0,0
556,2.51,0,23,0,0
557,3.02,0,25,0,0
558,3.29,0,25,0,0
559,2.44,0,24,0,0
560,2.86,1,26,0,0
561,2.79,1,25,0,1
562,2.99,0,26,0,1
563,3.04,0,25,0,1
564,3.15,0,27,0,1
565,3.06,0,25,0,1
566,3.02,0,26,0,1
567,3.31,0,26,0,1
568,3.14,0,27,0,1
569,2.91,0,29,0,1
570,3.02,0,29,0,1
571,2.96,0,26,0,1
572,2.46,0,26,0,1
573,2.14,0,25,0,1
574,2.85,0,24,0,1
575,2.94,0,25,0,1
576,2.9,0,25,0,1
577,2.95,0,25,0,1
578,3.1,0,24,0,1
579,3.17,0,26,0,1
580,2.94,0,26,0,1
581,2.65,0,26,0,1
582,3.1,0,27,0,1
583,2.79,0,28,0,1
584,2.62,0,28,0,1
585,3.83,0,27,0,1
586,3.98,0,26,0,1
587,4.2,0,26,0,1
588,2.45,0,26,0,1
589,3.15,0,26,0,1
590,3.21,0,26,0,1
591,3.07,0,25,0,1
592,3.22,0,25,0,1
593,3.76,0,25,0,1
594,3.63,0,25,0,0
595,3.68,0,26,0,1
596,3.41,0,25,0,1
597,3.71,0,24,0,1
598,3.84,0,25,0,1
599,2.99,0,24,0,1
600,2.61,0,24,0,1
601,2.45,0,23,0,1
602,3.22,0,23,0,1
603,2.04,0,24,0,1
604,2.49,0,22,0,1
605,2.51,0,24,0,1
606,1.94,0,25,0,1
607,3.18,0,23,0,1
608,2.92,0,23,0,1
609,3.39,0,24,0,1
610,3.2,0,24,0,1
611,2.92,0,24,0,1
612,2.77,0,22,0,1
613,3.51,0,23,0,0
614,3.75,0,24,0,0
615,3.54,0,24,0,0
616,3.39,0,24,0,0
617,3.31,0,24,0,0
618,3.43,0,23,0,0
619,3.85,0,23,0,0
620,4.0,0,21,0,1
621,3.59,0,21,0,1
622,4.18,0,21,0,0
623,3.48,0,21,0,0
624,3.29,0,22,0,0
625,3.17,0,22,0,0
626,3.46,0,22,0,0
627,3.65,0,24,0,0
628,3.45,0,23,0,1
629,3.73,0,23,0,1
630,3.59,0,23,0,1
631,3.42,0,23,0,1
632,2.45,0,24,0,0
633,3.34,0,24,0,0
634,3.5,0,23,0,0
635,2.94,0,22,0,0
636,3.58,0,22,0,0
637,2.37,0,22,0,0
638,2.04,0,23,0,0
639,1.85,0,21,0,0
640,1.5,0,22,0,0
641,2.0,0,23,0,0
642,2.19,0,23,0,0
643,2.83,0,23,0,0
644,2.88,0,22,0,0
645,2.63,0,21,0,0
646,2.32,0,20,0,0
647,2.34,0,22,0,0
648,2.69,0,20,0,0
649,3.05,0,21,0,0
650,2.99,0,21,0,0
651,3.21,0,20,0,0
652,3.08,0,22,0,0
653,3.49,0,21,0,0
654,3.42,0,20,0,0
655,3.3,0,22,0,0
656,3.45,0,21,0,0
657,3.28,0,21,0,1
658,3.42,0,20,0,1
659,2.65,0,19,0,2
